track_id,title,artist,source_url,license_type,license_url,is_instrumental,mood_tags,ccmixter_tags,declared_bpm,file_path
ccm_26157,Heart On Redial,loveshadow,https://ccmixter.org/files/Loveshadow/26157,cc-by-3.0,http://creativecommons.org/licenses/by/3.0/,0,"romantic,acoustic","acoustic,ballad,loveshadow,male_vocals",92,data/audio/raw/ccm_26157.mp3
ccm_33580,La Madeline Au Truffe (composed by Jeris),basematic,https://ccmixter.org/files/basematic/33580,cc-by-3.0,http://creativecommons.org/licenses/by/3.0/,1,"cinematic,romantic,acoustic","acoustic,bandaleon,instrumental,movie,music_for_film,waltz",191,data/audio/raw/ccm_33580.mp3
ccm_27099,Tell Somebody,Alex,https://ccmixter.org/files/AlexBeroza/27099,cc-by-3.0,http://creativecommons.org/licenses/by/3.0/,0,acoustic,"acoustic,bass,guitar",115,data/audio/raw/ccm_27099.mp3
ccm_25202,Dollheads,Ivan Chew,https://ccmixter.org/files/ramblinglibrarian/25202,cc-by-3.0,http://creativecommons.org/licenses/by/3.0/,1,"upbeat,driving,acoustic","acoustic,anthem,clean,electric,guitar,instrumental,power,rock,singapore,uplifting",59,data/audio/raw/ccm_25202.mp3
ccm_43014,peaceOut,airtone,https://ccmixter.org/files/airtone/43014,cc-by-3.0,http://creativecommons.org/licenses/by/3.0/,0,"chill,cinematic,acoustic","acoustic,chill,xaphoon,music_for_film,music_for_video,music_for_games",122,data/audio/raw/ccm_43014.mp3
ccm_27007,Hidden Blues,Pitx,https://ccmixter.org/files/Pitx/27007,cc-by-3.0,http://creativecommons.org/licenses/by/3.0/,1,"chill,acoustic,experimental","acoustic,guitar,improvisation,instrumental,lo_fi,taiko",128,data/audio/raw/ccm_27007.mp3
ccm_22364,Persephone,Madam Snowflake,https://ccmixter.org/files/snowflake/22364,cc-by-2.5,http://creativecommons.org/licenses/by/2.5/,0,"chill,ambient,romantic","ambient,bass,downtempo,female_vocals,loops,love,valentine,mythology,piano,romance,romantic,sexy,synthesizer,tarot,violin",100,data/audio/raw/ccm_22364.mp3
ccm_14476,The Long Goodbye,John Pazdan,https://ccmixter.org/files/flatwound/14476,cc-by-2.5,http://creativecommons.org/licenses/by/2.5/,1,ambient,"ambient,cello,instrumental,marimba,thumb_piano",,data/audio/raw/ccm_14476.mp3
ccm_18619,Never Heard a Rhyme Like This Before,Scott Altham,https://ccmixter.org/files/scottaltham/18619,cc-by-2.5,http://creativecommons.org/licenses/by/2.5/,1,"chill,ambient,cinematic,dark,experimental","ambient,chill,dark,epic,experimental,instrumental,music_for_film,orchestral",115,data/audio/raw/ccm_18619.mp3
ccm_2905,Photo theme: Window like,Antony Raijekov,https://ccmixter.org/files/zeos/2905,cc-by-2.5,http://creativecommons.org/licenses/by/2.5/,1,"chill,ambient,cinematic,acoustic","ambient,chill,classical,downtempo,instrumental,music_for_film,piano",,data/audio/raw/ccm_2905.mp3
ccm_23691,Winter Lights Drones and Tones Pack,gurdonark,https://ccmixter.org/files/gurdonark/23691,cc-by-3.0,http://creativecommons.org/licenses/by/3.0/,0,"chill,ambient,cinematic","ambient,atmospheric,background,chill,drone,electronic,music_for_film,tones,weirdbient,white_cube",,data/audio/raw/ccm_23691.mp3
ccm_17432,Silence Await,cdk,https://ccmixter.org/files/cdk/17432,cc-by-3.0,http://creativecommons.org/licenses/by/3.0/,1,chill,"chill,downtempo,dub,instrumental,piano,trip_hop",140,data/audio/raw/ccm_17432.mp3
ccm_31670,Start Again,Alex,https://ccmixter.org/files/AlexBeroza/31670,cc-by-3.0,http://creativecommons.org/licenses/by/3.0/,0,chill,"bass,downtempo,drums,female_vocals,guitar,synthesizer",80,data/audio/raw/ccm_31670.mp3
ccm_14414,(PIANO) A minor improvisation on Sunday,The3amAssociation,https://ccmixter.org/files/The3amAssociation/14414,cc-by-3.0,http://creativecommons.org/licenses/by/3.0/,0,"chill,acoustic,experimental","a_minor,classical,downtempo,improvisation,lounge,modern,piano",82,data/audio/raw/ccm_14414.mp3
ccm_33867,Quiet Rain,onlymeith,https://ccmixter.org/files/onlymeith/33867,cc-by-3.0,http://creativecommons.org/licenses/by/3.0/,1,"chill,cinematic","choirs,downtempo,instrumental,music_for_film,orchestral,piano,violin",70,data/audio/raw/ccm_33867.mp3
ccm_34419,Reflections in the Rain,Mana Junkie,https://ccmixter.org/files/mana_junkie/34419,cc-by-3.0,http://creativecommons.org/licenses/by/3.0/,1,chill,"downtempo,instrumental,trip_hop",75,data/audio/raw/ccm_34419.mp3
ccm_43098,Drive,Alex,https://ccmixter.org/files/AlexBeroza/43098,cc-by-3.0,http://creativecommons.org/licenses/by/3.0/,1,driving,"drums,guitar,bass,synthesizer,loops,electronic,rock,dubstep,dnb,instrumental",165,data/audio/raw/ccm_43098.mp3
ccm_47578,cdk - Rampage (Original RumbleStep Mix),cdk,https://ccmixter.org/files/cdk/47578,cc-by-3.0,http://creativecommons.org/licenses/by/3.0/,1,"upbeat,driving,funky","rumblestep,dubstep,dnb,electronic,drums,guitar,bass,synthesizer,techno,funky,rock,electro,instrumental,dance",140,data/audio/raw/ccm_47578.mp3
ccm_32690,Melancholicose,Phazor,https://ccmixter.org/files/aerosolspray/32690,cc-by-3.0,http://creativecommons.org/licenses/by/3.0/,1,"driving,experimental","bass,drums,dubstep,electronic,experimental,glitch,instrumental,piano,synthesizer",143,data/audio/raw/ccm_32690.mp3
ccm_32423,Spinnin',Alex,https://ccmixter.org/files/AlexBeroza/32423,cc-by-3.0,http://creativecommons.org/licenses/by/3.0/,1,"upbeat,driving","bass,dnb,instrumental,drums,electronic,guitar,rock,surf,synthesizer",153.7,data/audio/raw/ccm_32423.mp3
ccm_30513,The New Music,Alex,https://ccmixter.org/files/AlexBeroza/30513,cc-by-3.0,http://creativecommons.org/licenses/by/3.0/,0,"upbeat,driving","bass,dance,drums,electronic,synthesizer,techno,trance",120,data/audio/raw/ccm_30513.mp3
ccm_29630,Straight To The Light,Alex,https://ccmixter.org/files/AlexBeroza/29630,cc-by-3.0,http://creativecommons.org/licenses/by/3.0/,0,upbeat,"bass,dance,electronic,house,loops,synthesizer",120,data/audio/raw/ccm_29630.mp3
ccm_33345,Urbana-Metronica (wooh-yeah mix),spinningmerkaba,https://ccmixter.org/files/jlbrock44/33345,cc-by-3.0,http://creativecommons.org/licenses/by/3.0/,1,funky,"funk,instrumental,spinningmerkaba",100,data/audio/raw/ccm_33345.mp3
ccm_30046,Light Me On Fire,Admiral Bob,https://ccmixter.org/files/admiralbob77/30046,cc-by-2.5,http://creativecommons.org/licenses/by/2.5/,0,"upbeat,funky","boogie,funk,guitar,saxophone,soul,vintage",104,data/audio/raw/ccm_30046.mp3
ccm_31467,Money Buys Results,Admiral Bob,https://ccmixter.org/files/admiralbob77/31467,cc-by-3.0,http://creativecommons.org/licenses/by/3.0/,0,funky,"bass,electric,electric_guitar,funk,guitar,money,organ,rootstriker,telecaster",120,data/audio/raw/ccm_31467.mp3
ccm_35859,PeaceLoveSoul,Jeris,https://ccmixter.org/files/VJ_Memes/35859,cc-by-3.0,http://creativecommons.org/licenses/by/3.0/,0,funky,"barrisax,bass,brass,clavinet,funk,hammond,hornsection,male_vocals,rhodes,soul",95,data/audio/raw/ccm_35859.mp3
ccm_4209,A New System DNB,Stab,https://ccmixter.org/files/stab/4209,cc-by-2.5,http://creativecommons.org/licenses/by/2.5/,0,"ambient,driving,funky","bass,dnb,drums,electronic,funk,jungle,pads,reeche,synthesizer,techstep",185,data/audio/raw/ccm_4209.mp3
ccm_16626,I dunno,grapes,https://ccmixter.org/files/grapes/16626,cc-by-3.0,http://creativecommons.org/licenses/by/3.0/,1,,"hip_hop,instrumental",90,data/audio/raw/ccm_16626.mp3
ccm_37792,Drops of H2O ( The Filtered Water Treatment ),J.Lang,https://ccmixter.org/files/djlang59/37792,cc-by-3.0,http://creativecommons.org/licenses/by/3.0/,1,chill,"air_tone,bass,chill,drums,guitar,hip_hop,instrumental,loops,piano,synthesizer,water",80,data/audio/raw/ccm_37792.mp3
ccm_12238,beeKoo mix,Lasswell,https://ccmixter.org/files/lazztunes07/12238,cc-by-3.0,http://creativecommons.org/licenses/by/3.0/,0,"upbeat,funky","funky,hip_hop,old_school,retro",92,data/audio/raw/ccm_12238.mp3
ccm_11479,Paloseco Brazz Muted Trumpet Blues Samples,The Paloseco Brazz Orchestra,https://ccmixter.org/files/waldhorn33/11479,cc-by-3.0,http://creativecommons.org/licenses/by/3.0/,1,"melancholic,jazzy","blues,brass,instrumental,jazz,miles_davis,nu_jazz,trumpet",65,data/audio/raw/ccm_11479.mp3
ccm_64427,bluenotes,airtone,https://ccmixter.org/files/airtone/64427,cc-by-3.0,http://creativecommons.org/licenses/by/3.0/,1,"cinematic,melancholic,jazzy","blues,guitar,instrumental,bass,piano,jazz,music_for_film,music_for_video,music_for_games",85,data/audio/raw/ccm_64427.mp3
ccm_38009,Jazzy eve of heavy seas,Wired Ant,https://ccmixter.org/files/Wired_Ant/38009,cc-by-3.0,http://creativecommons.org/licenses/by/3.0/,1,"chill,ambient,jazzy","ambient,brass,breeze,caribbean,downtempo,drums,eve,instrumental,jazz,piano,sea,sea_side,shore,storm,tempest,tropics,trumpet",160,data/audio/raw/ccm_38009.mp3
ccm_23880,Wade in the Water (Light Jazz Mix),unreal_dm,https://ccmixter.org/files/unreal_dm/23880,cc-by-3.0,http://creativecommons.org/licenses/by/3.0/,0,jazzy,"bass,drums,female_vocals,guitar,jazz",134,data/audio/raw/ccm_23880.mp3
ccm_29407,I Miss You,Madam Snowflake,https://ccmixter.org/files/snowflake/29407,cc-by-3.0,http://creativecommons.org/licenses/by/3.0/,0,,"be_the_change,female_vocals,piano",125,data/audio/raw/ccm_29407.mp3
ccm_33065,Where You Are Now,Alex,https://ccmixter.org/files/AlexBeroza/33065,cc-by-3.0,http://creativecommons.org/licenses/by/3.0/,0,driving,"bass,drums,female_vocals,guitar,loops,rock",100,data/audio/raw/ccm_33065.mp3
ccm_35879,Two Guitars,Admiral Bob,https://ccmixter.org/files/admiralbob77/35879,cc-by-3.0,http://creativecommons.org/licenses/by/3.0/,1,driving,"guitar,nanokey2,nmlb,no_mixter_left_behind,rock,instrumental",80,data/audio/raw/ccm_35879.mp3
ccm_41284,I Have Often Told You Stories (guitar instrumental),Ivan Chew,https://ccmixter.org/files/ramblinglibrarian/41284,cc-by-3.0,http://creativecommons.org/licenses/by/3.0/,1,driving,"rock,shoegaze,guitar,instrumental,singapore",120,data/audio/raw/ccm_41284.mp3
ccm_54335,Hanging Eleven,Kara Square,https://ccmixter.org/files/mindmapthat/54335,cc-by-3.0,http://creativecommons.org/licenses/by/3.0/,0,"upbeat,driving","surf_music,surf,surfing,slang,female_vocals,drums,guitar,bass,rock,upbeat,fun",,data/audio/raw/ccm_54335.mp3
ccm_30344,Art Now,Alex,https://ccmixter.org/files/AlexBeroza/30344,cc-by-3.0,http://creativecommons.org/licenses/by/3.0/,0,driving,"bass,drums,synthesizer,techno,trance",125,data/audio/raw/ccm_30344.mp3
ccm_56668,3 Acoustic Guitars (Instrumental),Aussens@iter,https://ccmixter.org/files/tobias_weber/56668,cc0,http://creativecommons.org/publicdomain/zero/1.0/,1,"chill,cinematic,acoustic","aussensaiter,acoustic,guitar,steel_string,instrumental,chill,downtempo,music_for_film,music_for_video",108,data/audio/raw/ccm_56668.mp3
ccm_57952,Prelude For Classical Guitar (Instrumental),Aussens@iter,https://ccmixter.org/files/tobias_weber/57952,cc0,http://creativecommons.org/publicdomain/zero/1.0/,1,"chill,cinematic,romantic,jazzy,acoustic","aussensaiter,prelude,instrumental,acoustic,guitar,music_for_film,music_for_video,video_music,chill,ballad,jazz",110,data/audio/raw/ccm_57952.mp3
ccm_50957,Song Title Indicates Meaning,jaspertine,https://ccmixter.org/files/jaspertine/50957,cc0,http://creativecommons.org/publicdomain/zero/1.0/,1,"chill,acoustic","instrumental,guitar,acoustic,lofi,alternative,minimal,jaspertine",,data/audio/raw/ccm_50957.mp3
ccm_21067,Intergalactic Journey,spinmeister,https://ccmixter.org/files/spinmeister/21067,cc0,http://creativecommons.org/publicdomain/zero/1.0/,1,"chill,ambient","ambient,chill,electronic,instrumental,song_starter,outer_space,galactic",90,data/audio/raw/ccm_21067.mp3
ccm_23916,Trawnicing,Pitx,https://ccmixter.org/files/Pitx/23916,cc0,http://creativecommons.org/publicdomain/zero/1.0/,1,"ambient,experimental","ambient,bass,experimental,guitar,instrumental,loops",130,data/audio/raw/ccm_23916.mp3
ccm_58268,After the storm,hedgehog1,https://ccmixter.org/files/hedgehog1/58268,cc0,http://creativecommons.org/publicdomain/zero/1.0/,0,"chill,ambient,upbeat,jazzy,experimental","ambient,thunder,storm,sunshine,drums,jazz,uplifting,experimental,chill,moody,water,soundscape",120,data/audio/raw/ccm_58268.mp3
ccm_55278,Scintillating Love,Stefan Kartenberg,https://ccmixter.org/files/JeffSpeed68/55278,cc0,http://creativecommons.org/publicdomain/zero/1.0/,0,"ambient,driving","female_vocals,rock,ambient",124,data/audio/raw/ccm_55278.mp3
